{"stats":{"minecraft:mined":{"minecraft:grass_block":1,"minecraft:oak_wall_sign":2,"minecraft:glowstone":1,"minecraft:fire":6,"minecraft:glass_pane":1,"minecraft:bricks":15,"minecraft:tnt":1,"minecraft:dirt":1227,"minecraft:oak_button":1},"minecraft:broken":{"minecraft:trident":1,"minecraft:wooden_pickaxe":3},"minecraft:dropped":{"minecraft:diamond":3,"minecraft:barrier":2,"minecraft:command_block":2,"minecraft:emerald":1,"minecraft:iron_block":1,"minecraft:bricks":2,"minecraft:music_disc_otherside":1,"minecraft:deepslate_brick_slab":1,"minecraft:light":1,"minecraft:arrow":1,"minecraft:bow":2,"minecraft:chain_command_block":1,"minecraft:crying_obsidian":3},"minecraft:picked_up":{"minecraft:light_blue_concrete":4,"minecraft:ladder":8,"minecraft:structure_block":7,"minecraft:packed_ice":1,"minecraft:wooden_pickaxe":37,"minecraft:potion":1,"minecraft:light":25,"minecraft:blue_concrete":1,"minecraft:flint_and_steel":7,"minecraft:oak_sign":8,"minecraft:comparator":20,"minecraft:music_disc_otherside":6,"minecraft:redstone_torch":1,"minecraft:spruce_slab":1,"minecraft:egg":1,"minecraft:stone":1,"minecraft:jukebox":1,"minecraft:music_disc_relic":5,"minecraft:purpur_pillar":4,"minecraft:mace":1,"minecraft:music_disc_11":3,"minecraft:music_disc_pigstep":1,"minecraft:redstone":3,"minecraft:end_crystal":4,"minecraft:tnt":8,"minecraft:quartz_block":2,"minecraft:command_block":51,"minecraft:repeating_command_block":12,"minecraft:arrow":118,"minecraft:bamboo_sign":2,"minecraft:music_disc_ward":9,"minecraft:purpur_slab":14,"minecraft:iron_block":17,"minecraft:glowstone":8,"minecraft:gold_ingot":12,"minecraft:barrier":54,"minecraft:repeater":30,"minecraft:ice":2,"minecraft:bedrock":18,"minecraft:deepslate_tile_slab":2,"minecraft:dirt":100,"minecraft:stone_bricks":3,"minecraft:bow":7,"minecraft:deepslate_brick_slab":3,"minecraft:heart_of_the_sea":3,"minecraft:honeycomb":27,"minecraft:book":1,"minecraft:oak_slab":2,"minecraft:emerald_block":5,"minecraft:chain_command_block":19,"minecraft:light_blue_glazed_terracotta":47,"minecraft:spyglass":8,"minecraft:grass_block":6,"minecraft:diamond_block":6,"minecraft:crying_obsidian":11,"minecraft:dark_prismarine_slab":128,"minecraft:diamond":13,"minecraft:purple_glazed_terracotta":10,"minecraft:campfire":1,"minecraft:writable_book":1,"minecraft:crossbow":1,"minecraft:emerald":15,"minecraft:oak_button":11,"minecraft:bricks":72,"minecraft:red_concrete":2},"minecraft:killed_by":{"minecraft:player":10,"minecraft:creeper":5,"minecraft:zombie":1,"minecraft:breeze":1},"minecraft:used":{"minecraft:oak_fence":133,"minecraft:purpur_block":229,"minecraft:trident":1,"minecraft:writable_book":11,"minecraft:music_disc_otherside":7,"minecraft:orange_concrete":53,"minecraft:flint_and_steel":74,"minecraft:red_concrete":170,"minecraft:spruce_slab":34,"minecraft:redstone":84,"minecraft:ladder":100,"minecraft:bamboo_sign":2,"minecraft:oak_sign":127,"minecraft:silverfish_spawn_egg":3,"minecraft:spruce_planks":13,"minecraft:stone":544,"minecraft:music_disc_5":1,"minecraft:structure_block":47,"minecraft:torch":2,"minecraft:dirt":1276,"minecraft:spyglass":1,"minecraft:deepslate_tile_slab":59,"minecraft:light_gray_glazed_terracotta":5,"minecraft:deepslate_brick_slab":2,"minecraft:music_disc_11":1,"minecraft:snowball":18,"minecraft:obsidian":59,"minecraft:music_disc_relic":3,"minecraft:purple_stained_glass_pane":1,"minecraft:glass":49,"minecraft:frog_spawn_egg":2,"minecraft:packed_ice":5,"minecraft:bricks":254,"minecraft:music_disc_pigstep":1,"minecraft:iron_block":1271,"minecraft:grass_block":484,"minecraft:music_disc_ward":6,"minecraft:quartz_block":3,"minecraft:chicken_spawn_egg":65,"minecraft:dark_oak_slab":32,"minecraft:stone_bricks":125,"minecraft:item_frame":1,"minecraft:repeater":225,"minecraft:bedrock":1127,"minecraft:purple_concrete":76,"minecraft:glowstone":63,"minecraft:redstone_lamp":1,"minecraft:bow":370,"minecraft:emerald_block":105,"minecraft:gold_block":33,"minecraft:egg":6,"minecraft:wheat_seeds":5,"minecraft:chiseled_polished_blackstone":32,"minecraft:water_bucket":1,"minecraft:light_blue_glazed_terracotta":4,"minecraft:oak_planks":12,"minecraft:smooth_sandstone_slab":4,"minecraft:blackstone":115,"minecraft:ender_pearl":18,"minecraft:wooden_pickaxe":24,"minecraft:purple_glazed_terracotta":69,"minecraft:redstone_block":37,"minecraft:purpur_pillar":634,"minecraft:cracked_stone_bricks":20,"minecraft:diamond_block":33,"minecraft:comparator":141,"minecraft:terracotta":75,"minecraft:oak_slab":188,"minecraft:light_blue_concrete":171,"minecraft:dark_prismarine_slab":31,"minecraft:tnt":231,"minecraft:yellow_concrete":104,"minecraft:crossbow":5,"minecraft:campfire":4,"minecraft:purple_concrete_powder":8,"minecraft:creeper_spawn_egg":1,"minecraft:redstone_torch":23,"minecraft:sticky_piston":2,"minecraft:lever":1,"minecraft:green_concrete":49,"minecraft:wooden_hoe":15,"minecraft:light":201,"minecraft:black_concrete":1,"minecraft:acacia_sign":3,"minecraft:mace":4,"minecraft:birch_slab":93,"minecraft:command_block":571,"minecraft:wind_charge":365,"minecraft:breeze_spawn_egg":3,"minecraft:oak_button":57,"minecraft:barrier":2614,"minecraft:pig_spawn_egg":1,"minecraft:magenta_concrete":20,"minecraft:purpur_slab":258,"minecraft:magenta_concrete_powder":1,"minecraft:bamboo_slab":96,"minecraft:diamond_sword":3,"minecraft:suspicious_gravel":8,"minecraft:potion":2,"minecraft:end_crystal":1,"minecraft:acacia_pressure_plate":7,"minecraft:chain_command_block":200,"minecraft:repeating_command_block":323,"minecraft:smooth_stone":267,"minecraft:bone_meal":11,"minecraft:jukebox":7,"minecraft:cobweb":7},"minecraft:killed":{"minecraft:chicken":6,"minecraft:frog":1,"minecraft:creeper":9},"minecraft:custom":{"minecraft:mob_kills":53,"minecraft:leave_game":74,"minecraft:time_since_death":569,"minecraft:climb_one_cm":34636,"minecraft:damage_resisted":230003,"minecraft:sprint_one_cm":4094310,"minecraft:walk_one_cm":3341655,"minecraft:drop":20,"minecraft:play_time":2890953,"minecraft:sneak_time":146051,"minecraft:deaths":2284,"minecraft:walk_under_water_one_cm":535,"minecraft:jump":29921,"minecraft:walk_on_water_one_cm":5626,"minecraft:total_world_time":4752133,"minecraft:play_record":19,"minecraft:time_since_rest":576,"minecraft:open_enderchest":3,"minecraft:damage_taken":14965222,"minecraft:damage_dealt":2937,"minecraft:fly_one_cm":25298460,"minecraft:player_kills":5,"minecraft:crouch_one_cm":160234,"minecraft:fall_one_cm":733610}},"DataVersion":3955}