{"stats":{"minecraft:mined":{"minecraft:dirt":186,"minecraft:bricks":1},"minecraft:broken":{"minecraft:wooden_pickaxe":1},"minecraft:dropped":{"minecraft:dirt":4,"minecraft:purple_glazed_terracotta":2},"minecraft:killed_by":{"minecraft:player":8},"minecraft:used":{"minecraft:spyglass":2,"minecraft:dirt":167,"minecraft:bricks":57,"minecraft:bow":5,"minecraft:wind_charge":58,"minecraft:wooden_pickaxe":4,"minecraft:purple_glazed_terracotta":11,"minecraft:snowball":4},"minecraft:custom":{"minecraft:time_since_rest":534,"minecraft:crouch_one_cm":60589,"minecraft:play_time":136955,"minecraft:sprint_one_cm":244013,"minecraft:walk_one_cm":109496,"minecraft:damage_taken":2800,"minecraft:deaths":75,"minecraft:sneak_time":22309,"minecraft:mob_kills":1,"minecraft:drop":6,"minecraft:jump":1748,"minecraft:damage_dealt":234,"minecraft:leave_game":1,"minecraft:time_since_death":525,"minecraft:total_world_time":136955,"minecraft:climb_one_cm":2012,"minecraft:damage_resisted":10457,"minecraft:fall_one_cm":67102,"minecraft:fly_one_cm":460112,"minecraft:player_kills":7}},"DataVersion":3955}