{"stats":{"minecraft:mined":{"minecraft:dirt":726},"minecraft:dropped":{"minecraft:bricks":2},"minecraft:killed_by":{"minecraft:player":6},"minecraft:used":{"minecraft:dirt":106,"minecraft:bricks":30,"minecraft:bow":5,"minecraft:wind_charge":261,"minecraft:purple_glazed_terracotta":62,"minecraft:snowball":2},"minecraft:custom":{"minecraft:time_since_rest":576,"minecraft:crouch_one_cm":60611,"minecraft:sprint_one_cm":186330,"minecraft:play_time":118441,"minecraft:deaths":87,"minecraft:damage_taken":3920,"minecraft:walk_one_cm":160960,"minecraft:sneak_time":44570,"minecraft:mob_kills":1,"minecraft:drop":2,"minecraft:jump":1806,"minecraft:damage_dealt":126,"minecraft:leave_game":5,"minecraft:time_since_death":567,"minecraft:total_world_time":118441,"minecraft:damage_resisted":12152,"minecraft:fall_one_cm":62686,"minecraft:fly_one_cm":221505,"minecraft:player_kills":10}},"DataVersion":3955}